Track URI,Track Name,Artist URI(s),Artist Name(s),Album URI,Album Name,Album Artist URI(s),Album Artist Name(s),Album Release Date,Album Image URL,Disc Number,Track Number,Track Duration (ms),Track Preview URL,Explicit,Popularity,Added By,Added At
spotify:track:5b88tNINg4Q4nrRbrCXUmg,"Happy - From ""Despicable Me 2""",spotify:artist:2RdwBSPQiwcmiDo9kixcl8,Pharrell Williams,spotify:album:2lkQd5T32QHDOfFkEIPJKz,G I R L,spotify:artist:2RdwBSPQiwcmiDo9kixcl8,Pharrell Williams,3/03/2014,https://i.scdn.co/image/ab67616d0000b273d005b5fa12875efb624e8e12,1,5,232720,,FALSE,3,spotify:user:,2019-12-12T22:29:17Z
spotify:track:32OlwWuMpZ6b0aN2RZOeMS,Uptown Funk (feat. Bruno Mars),"spotify:artist:3hv9jJF3adDNsBSIQDqcjp, spotify:artist:0du5cEVh5yTK9QJze8zA0C","Mark Ronson, Bruno Mars",spotify:album:3vLaOYCNCzngDf8QdBg2V1,Uptown Special,spotify:artist:3hv9jJF3adDNsBSIQDqcjp,Mark Ronson,12/01/2015,https://i.scdn.co/image/ab67616d0000b273e419ccba0baa8bd3f3d7abf2,1,4,269666,https://p.scdn.co/mp3-preview/f33e7b185ab89fc1eb78cf9b023213c94f7c05a1?cid=9950ac751e34487dbbe027c4fd7f8e99,FALSE,82,spotify:user:,2019-12-12T22:29:17Z
spotify:track:6JV2JOEocMgcZxYSZelKcc,"CAN'T STOP THE FEELING! (from DreamWorks Animation's ""TROLLS"")",spotify:artist:31TPClRtHm23RisEBtV3X7,Justin Timberlake,spotify:album:40LbnfieVTWtHrK24WQeEB,"CAN'T STOP THE FEELING! (from DreamWorks Animation's ""TROLLS"")",spotify:artist:31TPClRtHm23RisEBtV3X7,Justin Timberlake,6/05/2016,https://i.scdn.co/image/ab67616d0000b273ef37416970812293c08e8a78,1,1,236001,https://p.scdn.co/mp3-preview/001f7dbdff06d2ca3e57e1e42331345fdf2ac73a?cid=9950ac751e34487dbbe027c4fd7f8e99,FALSE,77,spotify:user:,2019-12-12T22:29:17Z
spotify:track:0cqRj7pUJDkTCEsJkx8snD,Shake It Off,spotify:artist:06HL4z0CvFAxyc27GXpf02,Taylor Swift,spotify:album:1yGbNOtRIgdIiGHOEBaZWf,1989 (Deluxe),spotify:artist:06HL4z0CvFAxyc27GXpf02,Taylor Swift,1/01/2014,https://i.scdn.co/image/ab67616d0000b27352b2a3824413eefe9e33817a,1,6,219200,https://p.scdn.co/mp3-preview/6444be6e66860cb1f43a1a47cb756c7f2ceb605c?cid=9950ac751e34487dbbe027c4fd7f8e99,FALSE,80,spotify:user:,2019-12-12T22:29:17Z
spotify:track:7iyIleLfoTXbUVlch3CVFw,"Immortals - From ""Big Hero 6""",spotify:artist:4UXqAaa6dQYAk18Lv7PEgX,Fall Out Boy,spotify:album:4wcocwnq44bcDCe1M1dtVG,"Immortals (From ""Big Hero 6"")",spotify:artist:4UXqAaa6dQYAk18Lv7PEgX,Fall Out Boy,1/01/2014,https://i.scdn.co/image/ab67616d0000b2735f7e46fecb396f3f2542c850,1,1,193280,https://p.scdn.co/mp3-preview/9a1d82ab4a9b86ff9234b997a7d4dca4cda85e75?cid=9950ac751e34487dbbe027c4fd7f8e99,FALSE,53,spotify:user:,2019-12-12T22:29:17Z
spotify:track:1kPpge9JDLpcj15qgrPbYX,Good Time,"spotify:artist:07QEuhtrNmmZ0zEcqE9SF6, spotify:artist:6sFIWsNpZYqfjUpaCgueju","Owl City, Carly Rae Jepsen",spotify:album:7gTFf2EWBONpjKVjpWbs5p,The Midsummer Station,spotify:artist:07QEuhtrNmmZ0zEcqE9SF6,Owl City,1/01/2012,https://i.scdn.co/image/ab67616d0000b273cf5459850259268f98b07f7a,1,7,205933,https://p.scdn.co/mp3-preview/97ad280309ec5518b51fee06186984ad9a20f321?cid=9950ac751e34487dbbe027c4fd7f8e99,FALSE,78,spotify:user:,2019-12-12T22:29:17Z
spotify:track:6myDPrp86x4Lhyp5aqU0EV,Cosby Sweater,spotify:artist:7dlqUnjoF2U2DkNDMhcgG4,Hilltop Hoods,spotify:album:7Lp5k5j4kHtTT8zOpJkfUN,Walking Under Stars,spotify:artist:7dlqUnjoF2U2DkNDMhcgG4,Hilltop Hoods,8/08/2014,https://i.scdn.co/image/ab67616d0000b273b7afd289a9997752ee1fd1f6,1,3,217720,https://p.scdn.co/mp3-preview/40db6624cdda628de27aced87380d63dd256b85d?cid=9950ac751e34487dbbe027c4fd7f8e99,TRUE,64,spotify:user:,2019-12-12T22:29:17Z
spotify:track:52fnLN02thRhTnbzVZzdqq,Chelsea Dagger,spotify:artist:3M4ThdJR28z9eSMcQHAZ5G,The Fratellis,spotify:album:7mZh4xOrvqLmW30UIZm3X6,Chelsea Dagger (Radio Edit),spotify:artist:3M4ThdJR28z9eSMcQHAZ5G,The Fratellis,1/01/2006,https://i.scdn.co/image/ab67616d0000b27324f18d675f719a4afb1afb5d,1,1,203760,https://p.scdn.co/mp3-preview/10dd6d5f50531da2063b33150bdfb630b8d9dd98?cid=9950ac751e34487dbbe027c4fd7f8e99,FALSE,56,spotify:user:,2019-12-12T22:29:17Z
spotify:track:76qHqnhdALHDcz3LcJeo7l,Cigarettes In The Theatre,spotify:artist:536BYVgOnRky0xjsPT96zl,Two Door Cinema Club,spotify:album:4V1rQRHuuOWs8fXRl16OMY,Tourist History,spotify:artist:536BYVgOnRky0xjsPT96zl,Two Door Cinema Club,7/02/2010,https://i.scdn.co/image/ab67616d0000b273ed32602d9145d51e00a2df72,1,1,213533,,FALSE,0,spotify:user:,2019-12-12T22:29:17Z
spotify:track:1qfYG2JrchEyJiqKnkE7YQ,What You Know,spotify:artist:536BYVgOnRky0xjsPT96zl,Two Door Cinema Club,spotify:album:4V1rQRHuuOWs8fXRl16OMY,Tourist History,spotify:artist:536BYVgOnRky0xjsPT96zl,Two Door Cinema Club,7/02/2010,https://i.scdn.co/image/ab67616d0000b273ed32602d9145d51e00a2df72,1,8,189693,,FALSE,2,spotify:user:,2019-12-12T22:29:17Z
spotify:track:0R91pCwK7raH435DEwVmUP,Talk - Single Edit,spotify:artist:536BYVgOnRky0xjsPT96zl,Two Door Cinema Club,spotify:album:4iD7DpdWTouqXzS31tvJcV,Satellite,spotify:artist:536BYVgOnRky0xjsPT96zl,Two Door Cinema Club,24/04/2019,https://i.scdn.co/image/ab67616d0000b273a4cba7e0e2786653d9d7b6cc,1,2,216503,,FALSE,0,spotify:user:,2019-12-12T22:29:17Z
spotify:track:0jt6NEuzEY0OouXkwZHq5n,Creepin Up The Backstairs - Composite Edit (do not put on a/w),spotify:artist:3M4ThdJR28z9eSMcQHAZ5G,The Fratellis,spotify:album:6YYhMNDgi37WNGtCDis6PT,Costello Music,spotify:artist:3M4ThdJR28z9eSMcQHAZ5G,The Fratellis,1/01/2006,https://i.scdn.co/image/ab67616d0000b27379fe00e63c4e2f7e5558dbef,1,8,187160,https://p.scdn.co/mp3-preview/e4b991c108014b64cf1f2269e3464caf33aa1b2a?cid=9950ac751e34487dbbe027c4fd7f8e99,FALSE,45,spotify:user:,2019-12-12T22:29:17Z
spotify:track:3cZt6DR3olI5DVXTCrfp3U,Indie Girl,spotify:artist:7ej3r9Ru63d7mE2uzso1uE,BRAINCOATS,spotify:album:7biPh2iCGGup7CqInOEqj7,Bad Dreams & Tumbleweeds,spotify:artist:7ej3r9Ru63d7mE2uzso1uE,BRAINCOATS,21/11/2013,https://i.scdn.co/image/ab67616d0000b273638a96c06532d531fd3d3b01,1,5,178750,https://p.scdn.co/mp3-preview/0c7eabb69cfecd26a953d9c9f120dc4ff2f37ac9?cid=9950ac751e34487dbbe027c4fd7f8e99,FALSE,5,spotify:user:,2019-12-12T22:29:17Z
spotify:track:5KCh22xZr8SjxeqdgNb8Pg,Fall in Love,spotify:artist:3D4WFT29xe0sfSkXNvpmRG,Android52,spotify:album:7sfMSW6rDsjOt5nZmBeqEd,Ultra Groove Product,spotify:artist:3D4WFT29xe0sfSkXNvpmRG,Android52,15/01/2019,https://i.scdn.co/image/ab67616d0000b273cd366700f831b0625431d1c9,1,5,211875,https://p.scdn.co/mp3-preview/a16d91078aea06e7e4c204fdfb6a733d8f788060?cid=9950ac751e34487dbbe027c4fd7f8e99,FALSE,41,spotify:user:,2019-12-12T22:29:17Z
spotify:track:2i63MeQVdPuLvDH4EdaqXO,Undercover Martyn,spotify:artist:536BYVgOnRky0xjsPT96zl,Two Door Cinema Club,spotify:album:4V1rQRHuuOWs8fXRl16OMY,Tourist History,spotify:artist:536BYVgOnRky0xjsPT96zl,Two Door Cinema Club,7/02/2010,https://i.scdn.co/image/ab67616d0000b273ed32602d9145d51e00a2df72,1,7,166573,,FALSE,1,spotify:user:,2019-12-12T22:29:17Z
spotify:track:0A6mmHc95Sklnv9RWwYYsJ,For The Girl,spotify:artist:3M4ThdJR28z9eSMcQHAZ5G,The Fratellis,spotify:album:6YYhMNDgi37WNGtCDis6PT,Costello Music,spotify:artist:3M4ThdJR28z9eSMcQHAZ5G,The Fratellis,1/01/2006,https://i.scdn.co/image/ab67616d0000b27379fe00e63c4e2f7e5558dbef,1,6,168346,https://p.scdn.co/mp3-preview/7f44cc16e5f60894500d3290fb8fe34aaf150518?cid=9950ac751e34487dbbe027c4fd7f8e99,FALSE,39,spotify:user:,2019-12-12T22:29:17Z
spotify:track:3bnVBN67NBEzedqQuWrpP4,Tear in My Heart,spotify:artist:3YQKmKGau1PzlVlkL1iodx,Twenty One Pilots,spotify:album:3cQO7jp5S9qLBoIVtbkSM1,Blurryface,spotify:artist:3YQKmKGau1PzlVlkL1iodx,Twenty One Pilots,15/05/2015,https://i.scdn.co/image/ab67616d0000b273de03bfc2991fd5bcfde65ba3,1,5,188493,https://p.scdn.co/mp3-preview/46c19d324587898577a1974b8bdc2d5db88a5c65?cid=9950ac751e34487dbbe027c4fd7f8e99,FALSE,74,spotify:user:,2019-12-12T22:29:17Z
spotify:track:3rsq3qtqNBId48c0IVraTS,Pay No Mind (feat. Passion Pit),"spotify:artist:4pb4rqWSoGUgxm63xmJ8xc, spotify:artist:7gjAu1qr5C2grXeQFFOGeh","Madeon, Passion Pit",spotify:album:3uKLwDjku2Us0c81LEmftR,Adventure (Deluxe),spotify:artist:4pb4rqWSoGUgxm63xmJ8xc,Madeon,30/03/2015,https://i.scdn.co/image/ab67616d0000b27392cb28b37837c67dffe602f9,1,5,249440,https://p.scdn.co/mp3-preview/2dc2728cf493349ccc2d9a40da026f953b7b2938?cid=9950ac751e34487dbbe027c4fd7f8e99,FALSE,51,spotify:user:,2019-12-12T22:29:17Z
spotify:track:0kTbREZYbWCr8yLwcLH3NT,You Are Not Stubborn,spotify:artist:536BYVgOnRky0xjsPT96zl,Two Door Cinema Club,spotify:album:4V1rQRHuuOWs8fXRl16OMY,Tourist History,spotify:artist:536BYVgOnRky0xjsPT96zl,Two Door Cinema Club,7/02/2010,https://i.scdn.co/image/ab67616d0000b273ed32602d9145d51e00a2df72,1,10,190573,,FALSE,0,spotify:user:,2019-12-12T22:29:17Z
spotify:track:69h2mpzNUmdEg5egeNa1ki,Henrietta,spotify:artist:3M4ThdJR28z9eSMcQHAZ5G,The Fratellis,spotify:album:6YYhMNDgi37WNGtCDis6PT,Costello Music,spotify:artist:3M4ThdJR28z9eSMcQHAZ5G,The Fratellis,1/01/2006,https://i.scdn.co/image/ab67616d0000b27379fe00e63c4e2f7e5558dbef,1,1,212493,https://p.scdn.co/mp3-preview/42b24f8c48f900ab5e847da453dc726e3aed97c5?cid=9950ac751e34487dbbe027c4fd7f8e99,FALSE,56,spotify:user:,2019-12-12T22:29:17Z
spotify:track:2qOS00vav7CVkOwfkkXktG,Hot,spotify:artist:1bgWqGp78w6C8CNPvD6Qlo,FWLR,spotify:album:0nWLHsJI3g8wJrjKpqeuBS,Hot,spotify:artist:1bgWqGp78w6C8CNPvD6Qlo,FWLR,4/04/2019,https://i.scdn.co/image/ab67616d0000b273008f611fd0bc2e29e9f62e28,1,1,170481,https://p.scdn.co/mp3-preview/b54e913907becf1e78b8882e37aec3871791e616?cid=9950ac751e34487dbbe027c4fd7f8e99,FALSE,49,spotify:user:,2019-12-12T22:29:17Z
spotify:track:6aESAPmAzYNfUAv8gp6F8j,PLASTIC,"spotify:artist:1GNuumO9mu72hz4nwjEa9D, spotify:artist:4O02rYoPWNEnz2B8zWvZ5y, spotify:artist:4u6SzY1tTHgF31iuhQLIMv","sakehands, Lo, Good Intent",spotify:album:56PIIcPBscrFxMjByHJXIo,Plastic,spotify:artist:1GNuumO9mu72hz4nwjEa9D,sakehands,7/09/2018,https://i.scdn.co/image/ab67616d0000b2732a7e2dda5a9f55884d38f319,1,1,206720,https://p.scdn.co/mp3-preview/281732b51796b9cf9dc5640e0772bc6653d163c2?cid=9950ac751e34487dbbe027c4fd7f8e99,TRUE,42,spotify:user:,2019-12-12T22:29:17Z
spotify:track:4j8gmCSLLy0TSFg2brV01g,Taxi Cab,spotify:artist:3YQKmKGau1PzlVlkL1iodx,Twenty One Pilots,spotify:album:1Fexc96V24RL17Ko9VXUOM,Twenty One Pilots,spotify:artist:3YQKmKGau1PzlVlkL1iodx,Twenty One Pilots,29/12/2009,https://i.scdn.co/image/ab67616d0000b2734f5687326079d90e731a10a6,1,12,285733,https://p.scdn.co/mp3-preview/f848cb45f36d7da1ea0a0316bb89c26235f9b8d1?cid=9950ac751e34487dbbe027c4fd7f8e99,FALSE,55,spotify:user:,2019-12-12T22:29:17Z
spotify:track:5igni06exn4vGL8zVvT5yk,Baby Fratelli,spotify:artist:3M4ThdJR28z9eSMcQHAZ5G,The Fratellis,spotify:album:6YYhMNDgi37WNGtCDis6PT,Costello Music,spotify:artist:3M4ThdJR28z9eSMcQHAZ5G,The Fratellis,1/01/2006,https://i.scdn.co/image/ab67616d0000b27379fe00e63c4e2f7e5558dbef,1,11,236706,https://p.scdn.co/mp3-preview/2ed2e24cd1b968cfc6f23b5a734e867788c8e5df?cid=9950ac751e34487dbbe027c4fd7f8e99,FALSE,38,spotify:user:,2019-12-12T22:29:17Z
spotify:track:4VMlpGmGk1DqNeu9afJnuX,Sun,spotify:artist:536BYVgOnRky0xjsPT96zl,Two Door Cinema Club,spotify:album:1f6sJr8plfTWgdj2DVa67R,Beacon (Deluxe Version),spotify:artist:536BYVgOnRky0xjsPT96zl,Two Door Cinema Club,3/09/2012,https://i.scdn.co/image/ab67616d0000b27393bf05d2aaea2806a2b69f99,1,4,187720,,FALSE,0,spotify:user:,2019-12-12T22:29:17Z
spotify:track:5xsAAfczQ5T6Tl9RRJxQpm,Automagic,spotify:artist:5h4HpujvLoTaqy2tkrs2DC,Televisor,spotify:album:3IGCNY9IodLMvybHWDEkc8,Automagic,spotify:artist:5h4HpujvLoTaqy2tkrs2DC,Televisor,18/11/2013,https://i.scdn.co/image/ab67616d0000b273894dbb795244d834dac78db4,1,1,228960,https://p.scdn.co/mp3-preview/8bac9bbfec8796da10ab1df2d7678f7397c9d415?cid=9950ac751e34487dbbe027c4fd7f8e99,FALSE,27,spotify:user:,2019-12-12T22:29:17Z
spotify:track:2TqufSS0yIHjfNQe5rkpZM,Worship,spotify:artist:2SrWifjYv7b5tR8EzEmn1x,Golden Features,spotify:album:6XNdx4uLxvGHGzhMR7LfjL,Worship,spotify:artist:2SrWifjYv7b5tR8EzEmn1x,Golden Features,12/06/2018,https://i.scdn.co/image/ab67616d0000b2735dbd13d9786507e97f45ceb5,1,1,244007,,FALSE,0,spotify:user:,2019-12-12T22:29:17Z
spotify:track:1EmimnysAUBhiy8rDbNN01,Default,spotify:artist:2ARO60gI5do88ho6azmzab,Django Django,spotify:album:1in9OlbNsLoJ8obUGhktxa,Django Django,spotify:artist:2ARO60gI5do88ho6azmzab,Django Django,30/01/2012,https://i.scdn.co/image/ab67616d0000b273dcd678d0ffcaf5fc2cf02e2f,1,3,185640,https://p.scdn.co/mp3-preview/5f3b41f82bcc22a0b9cabd6060725676810715aa?cid=9950ac751e34487dbbe027c4fd7f8e99,FALSE,54,spotify:user:,2019-12-12T22:29:17Z
spotify:track:07azZjYghoJ3W9FHcWmKTT,Fiji Water,spotify:artist:07QEuhtrNmmZ0zEcqE9SF6,Owl City,spotify:album:6W9RvVsQOeZnIIsNGd7di6,Cinematic,spotify:artist:07QEuhtrNmmZ0zEcqE9SF6,Owl City,1/06/2018,https://i.scdn.co/image/ab67616d0000b27391757b0fcc6e7dfaace39708,1,1,260400,https://p.scdn.co/mp3-preview/f621c288e697b2e71fdfc19e48d86477f1958275?cid=9950ac751e34487dbbe027c4fd7f8e99,FALSE,41,spotify:user:,2019-12-12T22:29:17Z
spotify:track:2yoCk1xYdULGPV1143r7CB,Joker And The Thief,spotify:artist:3yEnArbNHyTCwMRvD9SBy4,Wolfmother,spotify:album:747qcmgpdnnIG6lIBwNKhO,Wolfmother,spotify:artist:3yEnArbNHyTCwMRvD9SBy4,Wolfmother,1/01/2006,https://i.scdn.co/image/ab67616d0000b2733217cb59b28806950c7e1e25,1,6,280466,https://p.scdn.co/mp3-preview/b47ebb3dc946f03c445e7a554ba15c11fd477bee?cid=9950ac751e34487dbbe027c4fd7f8e99,FALSE,57,spotify:user:,2019-12-12T22:29:17Z
spotify:track:1a7iYgTRZIvsgmLzFbR7f2,Urges - The Kite String Tangle Remix,"spotify:artist:0M7GyeyRi2fG8c1LdP4jhi, spotify:artist:3D6cosC5ZOLCpRxt6T3XS7","Lastlings, The Kite String Tangle",spotify:album:1t88Cx6dxGgC8tVjiHMIsB,Urges (The Kite String Tangle Remix),"spotify:artist:0M7GyeyRi2fG8c1LdP4jhi, spotify:artist:3D6cosC5ZOLCpRxt6T3XS7","Lastlings, The Kite String Tangle",10/04/2017,https://i.scdn.co/image/ab67616d0000b2738f8705f0baf7fedffeeac56b,1,1,198000,https://p.scdn.co/mp3-preview/0733bc609acca02c5cf236fc71b27f9513eb3e8d?cid=9950ac751e34487dbbe027c4fd7f8e99,FALSE,34,spotify:user:,2019-12-12T22:29:17Z
spotify:track:43ENOabUecCUlWWq7PpOcF,Eternal Groove,spotify:artist:3D4WFT29xe0sfSkXNvpmRG,Android52,spotify:album:7gxl2zKb0fgUBYzvoEla8Y,The B-Sides,spotify:artist:3D4WFT29xe0sfSkXNvpmRG,Android52,8/03/2017,https://i.scdn.co/image/ab67616d0000b273caacdd1931c0b29afbc44f91,1,5,169090,https://p.scdn.co/mp3-preview/ac2cb503418e66f334c19166680d61d4c76ce6fc?cid=9950ac751e34487dbbe027c4fd7f8e99,FALSE,46,spotify:user:,2019-12-12T22:29:17Z
spotify:track:5CYafk31NKbCXaJcWPyo3n,Hurts Just Right,spotify:artist:7ej3r9Ru63d7mE2uzso1uE,BRAINCOATS,spotify:album:56dMhFeW3YwkWQug4yhsfI,Hurts Just Right/Can't Have You,spotify:artist:7ej3r9Ru63d7mE2uzso1uE,BRAINCOATS,30/11/2018,https://i.scdn.co/image/ab67616d0000b273c3f6e3355b87357b3e9f176b,1,1,170480,https://p.scdn.co/mp3-preview/b4eee53659a775b63a15dc0e2735ddbdc1b3907b?cid=9950ac751e34487dbbe027c4fd7f8e99,TRUE,8,spotify:user:,2019-12-12T22:29:17Z
spotify:track:4gRAniZdYF2zVrDUsNC9tU,raingurl,spotify:artist:2RqrWplViWHSGLzlhmDcbt,Yaeji,spotify:album:3YtDhWqQOTOT6XD2DQHpBr,raingurl,spotify:artist:2RqrWplViWHSGLzlhmDcbt,Yaeji,30/10/2017,https://i.scdn.co/image/ab67616d0000b273df583c7001dc1d0d548867f4,1,1,237231,,FALSE,0,spotify:user:,2019-12-12T22:29:17Z
spotify:track:61DAPU5DrMAyvAWU4jQ0Lx,Out My Head,spotify:artist:2BQWHuvxG4kMYnfghdaCIy,Fox Stevenson,spotify:album:1NSi8YRtTOn92prl3fxAdI,Out My Head,spotify:artist:2BQWHuvxG4kMYnfghdaCIy,Fox Stevenson,15/02/2019,https://i.scdn.co/image/ab67616d0000b273d87c33ce57b94e8f249352b4,1,1,225480,https://p.scdn.co/mp3-preview/a4f666a31a02acd0a1a53b4080521969a1e759a5?cid=9950ac751e34487dbbe027c4fd7f8e99,TRUE,31,spotify:user:,2019-12-12T22:29:17Z
spotify:track:0jwmVLpRv1YPiX4QK7Mn8m,Friends Again,"spotify:artist:4sGfNIfA14nKOKNi9NNQ12, spotify:artist:0OE65qjIKHqSyU7YWpOQrv","LVTHER, Claire Ridgely",spotify:album:5Pk3QLxMsbaj3vwxffAG3X,Monstercat Instinct Vol. 1,spotify:artist:0LyfQWJT6nXafLPZqxe9Of,Various Artists,15/06/2018,https://i.scdn.co/image/ab67616d0000b2730fffdb3f7e6f270697024759,1,23,196363,,FALSE,0,spotify:user:,2019-12-12T22:29:17Z
spotify:track:2Vt5LfLccwjF3PJujVZ1qi,Pastel,"spotify:artist:7cvljqLNhWNFMb8wP2NImJ, spotify:artist:29O9ZebFa65aIEvMaW5pQY","Moe Shop, Snail's House",spotify:album:5iYfKCrEygy2FTrUxBgADm,Pastel,spotify:artist:7cvljqLNhWNFMb8wP2NImJ,Moe Shop,10/07/2017,https://i.scdn.co/image/ab67616d0000b273024b509e69e33e34f6174579,1,1,246083,https://p.scdn.co/mp3-preview/f0486ed6fef3e8ffc6fc58e6ec100bbff2667183?cid=9950ac751e34487dbbe027c4fd7f8e99,FALSE,50,spotify:user:,2019-12-12T22:29:17Z
spotify:track:6rNQZNLx8kgHpzrG4tG8Y7,"Eat That Up, It's Good For You",spotify:artist:536BYVgOnRky0xjsPT96zl,Two Door Cinema Club,spotify:album:4V1rQRHuuOWs8fXRl16OMY,Tourist History,spotify:artist:536BYVgOnRky0xjsPT96zl,Two Door Cinema Club,7/02/2010,https://i.scdn.co/image/ab67616d0000b273ed32602d9145d51e00a2df72,1,9,223906,,FALSE,0,spotify:user:,2019-12-12T22:29:17Z
spotify:track:26gEW3DUEK0n8n5fvnYrPE,Leave Me Lonely,spotify:artist:7dlqUnjoF2U2DkNDMhcgG4,Hilltop Hoods,spotify:album:4ROQFvVOISvh3ypktsynm1,The Great Expanse,spotify:artist:7dlqUnjoF2U2DkNDMhcgG4,Hilltop Hoods,22/02/2019,https://i.scdn.co/image/ab67616d0000b27356c049718b5e3590a656fe74,1,3,194773,https://p.scdn.co/mp3-preview/00c93c13b4bca3d985c7daee77b62900894b1e6f?cid=9950ac751e34487dbbe027c4fd7f8e99,FALSE,60,spotify:user:,2019-12-12T22:29:17Z
spotify:track:17C4oPQ3sTpF11pi9yvGcs,Not The American Average,spotify:artist:1caBfBEapzw8z2Qz9q0OaQ,Asking Alexandria,spotify:album:57iXTZZW4VLkrBoErSsI5y,Stand Up And Scream,spotify:artist:1caBfBEapzw8z2Qz9q0OaQ,Asking Alexandria,15/09/2009,https://i.scdn.co/image/ab67616d0000b273f33d30f467a7998ecdfd00ab,1,9,279226,https://p.scdn.co/mp3-preview/139354496eb935af49fab7fda7d407c606149d38?cid=9950ac751e34487dbbe027c4fd7f8e99,TRUE,63,spotify:user:,2019-12-12T22:29:17Z
spotify:track:6BBfG9FiwJhRVMCd9IYl6c,In The Middle,spotify:artist:21TinSsF5ytwsfdyz5VSVS,dodie,spotify:album:6xeFX3yRvaEV7ny5WKZ4cA,You - EP,spotify:artist:21TinSsF5ytwsfdyz5VSVS,dodie,11/08/2017,https://i.scdn.co/image/ab67616d0000b27309815974458b8b0535b23a7d,1,1,181632,https://p.scdn.co/mp3-preview/50c01a68c49b96ab6f748d2e0d2ed19e504b9bb7?cid=9950ac751e34487dbbe027c4fd7f8e99,FALSE,51,spotify:user:,2019-12-12T22:29:17Z
spotify:track:3XpeLnjCrtZ1lc7xh5KVL7,I Can Talk,spotify:artist:536BYVgOnRky0xjsPT96zl,Two Door Cinema Club,spotify:album:0jwAqX91CxLqEnNURVUZDe,Tourist History (Deluxe Edition),spotify:artist:536BYVgOnRky0xjsPT96zl,Two Door Cinema Club,18/10/2010,https://i.scdn.co/image/ab67616d0000b2735c1ad7a6502a701b180cbc60,1,6,175906,,FALSE,0,spotify:user:,2019-12-12T22:29:17Z
spotify:track:6FDncQmNl6WfOZDCpcrcti,I Like To Move It,spotify:artist:085pc2PYOi8bGKj0PNjekA,will.i.am,spotify:album:53HHf3pv5FGl41cIa8iJQU,Madagascar: Escape 2 Africa - Music From The Motion Picture,spotify:artist:0LyfQWJT6nXafLPZqxe9Of,Various Artists,1/01/2008,https://i.scdn.co/image/ab67616d0000b273f5bd8c3e3c46986aff56b732,1,4,221466,,FALSE,0,spotify:user:,2019-12-12T22:29:17Z
spotify:track:1RLCci3EUAH9t1spVptRWQ,Because I Love You,spotify:artist:1ZcnsSFqWusWlRK01vKE6b,Montaigne,spotify:album:61q9OBizRbAe6z8FlJctgK,Glorious Heights,spotify:artist:1ZcnsSFqWusWlRK01vKE6b,Montaigne,5/08/2016,https://i.scdn.co/image/ab67616d0000b273c60c0a4d39224172a39cefb0,1,4,217618,https://p.scdn.co/mp3-preview/b753e9a9f286b85e77690d7132b4bc1d97399e40?cid=9950ac751e34487dbbe027c4fd7f8e99,FALSE,46,spotify:user:,2019-12-12T22:29:17Z
spotify:track:6tO1amT2NLvgsBzBhHOR1S,Ashley,spotify:artist:5ojhEavq6altxW8fWIlLum,Escape the Fate,spotify:album:56a9Tuww0ddc52DHYG61Ai,This War Is Ours (Deluxe Edition),spotify:artist:5ojhEavq6altxW8fWIlLum,Escape the Fate,27/04/2010,https://i.scdn.co/image/ab67616d0000b273b69af5d9f8fb68e9c820d662,1,3,207400,https://p.scdn.co/mp3-preview/6ff992e2a4e864233afee92bc4799c2d3c0e79c9?cid=9950ac751e34487dbbe027c4fd7f8e99,FALSE,53,spotify:user:,2019-12-12T22:29:17Z
spotify:track:4l3ivfobBF7FKx6cfm8upq,//DDoS,spotify:artist:0y42IQBDFigO5mmEd1bGQG,i_o,spotify:album:6OppzYfRj99miF4k8vLmLy,ANALOG//DDoS,spotify:artist:0y42IQBDFigO5mmEd1bGQG,i_o,20/02/2018,https://i.scdn.co/image/ab67616d0000b273f14291009ba2fa80dfdf390a,1,2,232499,https://p.scdn.co/mp3-preview/c8ff06bd00d5d43f4a697e5948e039d84b89531b?cid=9950ac751e34487dbbe027c4fd7f8e99,FALSE,25,spotify:user:,2019-12-12T22:29:17Z
spotify:track:74cvkvTVxAXCew97vBnYiy,Notorious,spotify:artist:7w1eTNePApzDk8XtgykCPS,Malaa,spotify:album:1ZaudPRp3OGpMml9UjuVRx,Notorious,spotify:artist:7w1eTNePApzDk8XtgykCPS,Malaa,24/08/2016,https://i.scdn.co/image/ab67616d0000b273fd6a92dc492a84439b53f251,1,1,271219,https://p.scdn.co/mp3-preview/6fa6580f585f12c527e8ddeaafd92269503a86bd?cid=9950ac751e34487dbbe027c4fd7f8e99,TRUE,60,spotify:user:,2019-12-12T22:29:17Z
spotify:track:5HPSvCWCM9TvsagA1idzuw,Speaking In Tongues,"spotify:artist:7dlqUnjoF2U2DkNDMhcgG4, spotify:artist:1ZJlXFkFDBsjSuYyjVcMkk","Hilltop Hoods, Chali 2na",spotify:album:5iGxWJQNXmqcdx5IYN23XK,Drinking From The Sun,spotify:artist:7dlqUnjoF2U2DkNDMhcgG4,Hilltop Hoods,1/01/2012,https://i.scdn.co/image/ab67616d0000b2731d5d6042e7ba2dfd92d5b7c4,1,6,243226,https://p.scdn.co/mp3-preview/f6c4314d54f32c10e76e97aac75256e7ae839f21?cid=9950ac751e34487dbbe027c4fd7f8e99,TRUE,44,spotify:user:,2019-12-12T22:29:17Z
spotify:track:3ItCQd3vvharrdNrBzZuIY,Rebel Love Song,spotify:artist:6O7MpKrY91vlCd4Osi6XKs,Black Veil Brides,spotify:album:3iTUq3CfkKcD5ZN4zgcDIA,Set The World On Fire,spotify:artist:6O7MpKrY91vlCd4Osi6XKs,Black Veil Brides,1/01/2011,https://i.scdn.co/image/ab67616d0000b2732137863e1729227ec1e8786f,1,6,237173,https://p.scdn.co/mp3-preview/85939020c79011510de77c0a48604bd6495e8cf5?cid=9950ac751e34487dbbe027c4fd7f8e99,FALSE,54,spotify:user:,2019-12-12T22:29:17Z
spotify:track:6vluCORdF8bV6zhXfKyKBp,Blue Orchid,spotify:artist:4F84IBURUo98rz4r61KF70,The White Stripes,spotify:album:39CQ9tlFmcmE2pN6PkJWvZ,Get Behind Me Satan,spotify:artist:4F84IBURUo98rz4r61KF70,The White Stripes,7/06/2005,https://i.scdn.co/image/ab67616d0000b273086f98344b4a2ff71f2622a8,1,1,158280,,FALSE,0,spotify:user:,2019-12-12T22:29:17Z
spotify:track:4fHHSFn4eB1cxseLlNNzS9,Do You?,spotify:artist:2SrWifjYv7b5tR8EzEmn1x,Golden Features,spotify:album:4q7ypBFqg35EiCWDbXsK8C,XXIV,spotify:artist:2SrWifjYv7b5tR8EzEmn1x,Golden Features,19/06/2015,https://i.scdn.co/image/ab67616d0000b273e7f99997f925bb973a6dd736,1,4,297903,https://p.scdn.co/mp3-preview/fc9c07066aa45ddd862cf74fa3212892c7aeb1cf?cid=9950ac751e34487dbbe027c4fd7f8e99,FALSE,44,spotify:user:,2019-12-12T22:29:17Z
spotify:track:3y76fWBgje3pSPV3PFmVS3,A Good Idea At The Time,spotify:artist:3hozsZ9hqNq7CoBGYNlFTz,OK Go,spotify:album:1qN6qh1gwgrYTCdSq21gov,Oh No,spotify:artist:3hozsZ9hqNq7CoBGYNlFTz,OK Go,1/01/2005,https://i.scdn.co/image/ab67616d0000b27371e01645abce04dda00e1c0c,1,4,194626,https://p.scdn.co/mp3-preview/e115b5bd7f74815523ccbff6320bbf1a1587f79e?cid=9950ac751e34487dbbe027c4fd7f8e99,FALSE,28,spotify:user:,2019-12-12T22:29:17Z
spotify:track:2c4YggJQomYXSq4qLXrn4M,Lollipop,spotify:artist:5MmVJVhhYKQ86izuGHzJYA,MIKA,spotify:album:2FgwL1GHWKTbuHzAIjEeFa,Life In Cartoon Motion,spotify:artist:5MmVJVhhYKQ86izuGHzJYA,MIKA,1/01/2007,https://i.scdn.co/image/ab67616d0000b2732b16992e49be4a199e7dad2c,1,2,183533,https://p.scdn.co/mp3-preview/d07148f503ae51b5cc3d5822934d8d7b901bf092?cid=9950ac751e34487dbbe027c4fd7f8e99,FALSE,56,spotify:user:,2019-12-12T22:29:17Z
spotify:track:4wLfRv7Og2J02JLayZIYph,Some Kind of Magic (feat. MYZICA),"spotify:artist:4sGfNIfA14nKOKNi9NNQ12, spotify:artist:6mE4w8P7BX8CrhM1QmpYaC","LVTHER, Myzica",spotify:album:7fyHjUeUewEqqvTol9QQx9,Some Kind of Magic (feat. MYZICA),spotify:artist:4sGfNIfA14nKOKNi9NNQ12,LVTHER,30/03/2016,https://i.scdn.co/image/ab67616d0000b27346fcb79f95f83b547f4d7000,1,1,194290,,FALSE,0,spotify:user:,2019-12-12T22:29:17Z
spotify:track:21fSb80JOkvS1vMWckg01j,This Is The Life,spotify:artist:536BYVgOnRky0xjsPT96zl,Two Door Cinema Club,spotify:album:4V1rQRHuuOWs8fXRl16OMY,Tourist History,spotify:artist:536BYVgOnRky0xjsPT96zl,Two Door Cinema Club,7/02/2010,https://i.scdn.co/image/ab67616d0000b273ed32602d9145d51e00a2df72,1,4,209773,,FALSE,0,spotify:user:,2019-12-12T22:29:17Z
spotify:track:64YccwJHPzVcEhQJTRkofX,Juliet,"spotify:artist:49vNfTzZU1nXv2xO34z5RY, spotify:artist:6pw4nmjxQHpyKWUBQi4SSz","CloudNone, Matt Van",spotify:album:7zG41ZT7fCLWXVeDe9C2HC,Midnight Underground,spotify:artist:49vNfTzZU1nXv2xO34z5RY,CloudNone,26/02/2019,https://i.scdn.co/image/ab67616d0000b27316fff3ff162e5ef90e2279c3,1,5,236250,https://p.scdn.co/mp3-preview/bf226da3dd0ecb26c0be0836b61ca903c851da15?cid=9950ac751e34487dbbe027c4fd7f8e99,FALSE,29,spotify:user:,2019-12-12T22:29:17Z
spotify:track:5bWYZoMTpeO7fNekFVjyMN,Bassline 5000,spotify:artist:3D4WFT29xe0sfSkXNvpmRG,Android52,spotify:album:14vfRdoZwzMRRkgqYfjWu3,Bassline 5000,spotify:artist:3D4WFT29xe0sfSkXNvpmRG,Android52,1/02/2018,https://i.scdn.co/image/ab67616d0000b273551a6fba9f252df9bab0cb37,1,1,182360,,FALSE,0,spotify:user:,2019-12-12T22:29:17Z
spotify:track:56Hg758uJVIvh1WRua0Gr0,Pregnant,spotify:artist:7w1eTNePApzDk8XtgykCPS,Malaa,spotify:album:4nyy0MMHcXWLsF5QGJhlN9,Pregnant,spotify:artist:7w1eTNePApzDk8XtgykCPS,Malaa,20/08/2015,https://i.scdn.co/image/ab67616d0000b273f8605683dbb98d4d618b0872,1,1,257931,,FALSE,0,spotify:user:,2019-12-12T22:29:17Z
spotify:track:10H30XigJ3gZX2QKIukLUa,Pretty Rave Girl (Suae X Technikore Remix),"spotify:artist:11aa081aKYUzmeFm0yHdT2, spotify:artist:0pTJdgzCj4Wo6RwdOcGinx, spotify:artist:45mQUJrPyctvf2IhkVE0ym","S3RL, Suae, Technikore",spotify:album:1VxXM3O5HUmCX7gcdQujd9,Pretty Rave Girl (Suae X Technikore Remix),"spotify:artist:11aa081aKYUzmeFm0yHdT2, spotify:artist:0pTJdgzCj4Wo6RwdOcGinx, spotify:artist:45mQUJrPyctvf2IhkVE0ym","S3RL, Suae, Technikore",17/10/2018,https://i.scdn.co/image/ab67616d0000b27366d40d85d0f1e4fe514cc310,1,1,160941,https://p.scdn.co/mp3-preview/f33b9046b4d5e0203a0a2ea847cdb3c766513e13?cid=9950ac751e34487dbbe027c4fd7f8e99,FALSE,31,spotify:user:,2019-12-12T22:29:17Z
spotify:track:4gLKwyeBDtXoqe5ev9QcqP,Something Good Can Work,spotify:artist:536BYVgOnRky0xjsPT96zl,Two Door Cinema Club,spotify:album:4V1rQRHuuOWs8fXRl16OMY,Tourist History,spotify:artist:536BYVgOnRky0xjsPT96zl,Two Door Cinema Club,7/02/2010,https://i.scdn.co/image/ab67616d0000b273ed32602d9145d51e00a2df72,1,5,162906,,FALSE,0,spotify:user:,2019-12-12T22:29:17Z
spotify:track:3nEzCR8b6O0EfWXD8xHcU2,Needing/Getting,spotify:artist:3hozsZ9hqNq7CoBGYNlFTz,OK Go,spotify:album:2ZSt5m1kE9FIFTM8c0b1ws,Of The Blue Colour of the Sky Extra Nice Edition,spotify:artist:3hozsZ9hqNq7CoBGYNlFTz,OK Go,15/10/2010,https://i.scdn.co/image/ab67616d0000b2730ab26430f9bc394f63b864b0,1,4,313760,https://p.scdn.co/mp3-preview/7e0a4d6aa85e8b0271251d019aa9e688250f4283?cid=9950ac751e34487dbbe027c4fd7f8e99,FALSE,34,spotify:user:,2019-12-12T22:29:17Z
spotify:track:4wzjNqjKAKDU82e8uMhzmr,Face Down,spotify:artist:1SImpQO0GbjRgvlwCcCtFo,The Red Jumpsuit Apparatus,spotify:album:6TyPSzd5rA2rQ9yLJJ1Gg2,Don't You Fake It,spotify:artist:1SImpQO0GbjRgvlwCcCtFo,The Red Jumpsuit Apparatus,1/01/2006,https://i.scdn.co/image/ab67616d0000b273f98edbc89407338a90437d34,1,4,192000,https://p.scdn.co/mp3-preview/69881d9ea09f17c73d786aae481273888916523b?cid=9950ac751e34487dbbe027c4fd7f8e99,FALSE,76,spotify:user:,2019-12-12T22:29:17Z
spotify:track:2TdDRjNiF1HuRvnclprnce,Grace Kelly,spotify:artist:5MmVJVhhYKQ86izuGHzJYA,MIKA,spotify:album:2FgwL1GHWKTbuHzAIjEeFa,Life In Cartoon Motion,spotify:artist:5MmVJVhhYKQ86izuGHzJYA,MIKA,1/01/2007,https://i.scdn.co/image/ab67616d0000b2732b16992e49be4a199e7dad2c,1,1,187733,https://p.scdn.co/mp3-preview/5093dde9f7ea5ece21b45ed28aed981b276bb26b?cid=9950ac751e34487dbbe027c4fd7f8e99,FALSE,67,spotify:user:,2019-12-12T22:29:17Z
spotify:track:22OqansuvEMQu9W0EfiGTI,We Don't Believe What's on TV,spotify:artist:3YQKmKGau1PzlVlkL1iodx,Twenty One Pilots,spotify:album:3cQO7jp5S9qLBoIVtbkSM1,Blurryface,spotify:artist:3YQKmKGau1PzlVlkL1iodx,Twenty One Pilots,15/05/2015,https://i.scdn.co/image/ab67616d0000b273de03bfc2991fd5bcfde65ba3,1,10,177200,https://p.scdn.co/mp3-preview/3d55d52793faa95c48489e57bfce921bdd30a597?cid=9950ac751e34487dbbe027c4fd7f8e99,FALSE,66,spotify:user:,2019-12-12T22:29:17Z
spotify:track:2XBcbELp9GyzFfEdNFpcpk,Dirty Air,spotify:artist:536BYVgOnRky0xjsPT96zl,Two Door Cinema Club,spotify:album:4aJSpKresEm4EVdy8J0OmP,Dirty Air,spotify:artist:536BYVgOnRky0xjsPT96zl,Two Door Cinema Club,21/05/2019,https://i.scdn.co/image/ab67616d0000b273959c7871166659f8a2a15d8a,1,1,243828,,FALSE,0,spotify:user:,2019-12-12T22:29:17Z
spotify:track:2GHNZvjA57wLRl4FVk0MhS,The Munsta,spotify:artist:3Y7sK4nACC8R7WwAUUumCL,SCNDL,spotify:album:6j8tfOYPx6MusmbqhjqWqY,The Munsta,spotify:artist:3Y7sK4nACC8R7WwAUUumCL,SCNDL,5/05/2014,https://i.scdn.co/image/ab67616d0000b27335012f18c65a60dd1edbefb0,1,1,249374,,FALSE,0,spotify:user:,2019-12-12T22:29:17Z
spotify:track:1nSSGcOnAk6LKSMInfzt52,The Depths,spotify:artist:4tususHNaR68xdgLstlGBA,Of Mice & Men,spotify:album:5PLgKITLdSYuh7OWpIC8nC,The Flood (Deluxe Reissue),spotify:artist:4tususHNaR68xdgLstlGBA,Of Mice & Men,2011,https://i.scdn.co/image/ab67616d0000b273d87b1e844342432f66ef9e41,1,4,226506,https://p.scdn.co/mp3-preview/3ce7cde43ce13bd0c5a2a16bd57af462412fd012?cid=9950ac751e34487dbbe027c4fd7f8e99,FALSE,45,spotify:user:,2019-12-12T22:29:17Z
spotify:track:2MuWTIM3b0YEAskbeeFE1i,Master Of Puppets,spotify:artist:2ye2Wgw4gimLv2eAKyk1NB,Metallica,spotify:album:2Lq2qX3hYhiuPckC8Flj21,Master Of Puppets (Remastered),spotify:artist:2ye2Wgw4gimLv2eAKyk1NB,Metallica,3/03/1986,https://i.scdn.co/image/ab67616d0000b273668e3aca3167e6e569a9aa20,1,2,515386,https://p.scdn.co/mp3-preview/070b147d7710598fb96360f94b1adb0709fce235?cid=9950ac751e34487dbbe027c4fd7f8e99,FALSE,74,spotify:user:,2019-12-12T22:29:17Z
spotify:track:4TVOhq8xeEuNmV3VzuWR4k,White Knuckles,spotify:artist:3hozsZ9hqNq7CoBGYNlFTz,OK Go,spotify:album:2ZSt5m1kE9FIFTM8c0b1ws,Of The Blue Colour of the Sky Extra Nice Edition,spotify:artist:3hozsZ9hqNq7CoBGYNlFTz,OK Go,15/10/2010,https://i.scdn.co/image/ab67616d0000b2730ab26430f9bc394f63b864b0,1,6,198520,https://p.scdn.co/mp3-preview/f3920cb5c07e4841dfcec405b15d4b410a452668?cid=9950ac751e34487dbbe027c4fd7f8e99,FALSE,33,spotify:user:,2019-12-12T22:29:17Z
spotify:track:6qs6Mwhmm3xKKbQak5DKK8,All Star,spotify:artist:2iEvnFsWxR0Syqu2JNopAd,Smash Mouth,spotify:album:0QluVU5ReXs7oI1ZyS101F,Hector's Mix Tape,spotify:artist:0LyfQWJT6nXafLPZqxe9Of,Various Artists,1/01/2011,https://i.scdn.co/image/ab67616d0000b273c29d4e114f44cf1ba38c7513,2,10,201933,,FALSE,0,spotify:user:,2019-12-12T22:29:17Z
spotify:track:4Rihm8jq0lpUexYkTpLIh6,I Predict A Riot,spotify:artist:0LbLWjaweRbO4FDKYlbfNt,Kaiser Chiefs,spotify:album:7vULqepYw4sDUjv70x2AXa,Souvenir : The Singles 2004 - 2012,spotify:artist:0LbLWjaweRbO4FDKYlbfNt,Kaiser Chiefs,11/05/2012,https://i.scdn.co/image/ab67616d0000b2737b28a3df9694fc0778a2820d,1,3,233293,,FALSE,0,spotify:user:,2019-12-12T22:29:17Z
spotify:track:2NvBw1uhQZjyXsjVnABkOu,404,spotify:artist:2DuJi13MWHjRHrqRUwk8vH,Knife Party,spotify:album:4nJ76bL34FuDPuFHafIJFm,Abandon Ship,spotify:artist:2DuJi13MWHjRHrqRUwk8vH,Knife Party,27/10/2014,https://i.scdn.co/image/ab67616d0000b273f75285aee646b314ce8c3caf,1,5,298600,https://p.scdn.co/mp3-preview/47699b3333a724e4d022bcc76362c530a369d0f2?cid=9950ac751e34487dbbe027c4fd7f8e99,FALSE,34,spotify:user:,2019-12-12T22:29:17Z
spotify:track:3wDIWPDD1320EUg60FeUOs,We Are the Dream (TheFatRat Remix),"spotify:artist:1UtzKaSQyctQO8GN8EyzOn, spotify:artist:0oYWECmtozBZGjnklDFPTH","Sound Remedy, Carousel",spotify:album:1ZsCLGpAhx04eIAGrgWbAJ,We Are the Dream the Remixes,"spotify:artist:1UtzKaSQyctQO8GN8EyzOn, spotify:artist:0oYWECmtozBZGjnklDFPTH","Sound Remedy, Carousel",2014,https://i.scdn.co/image/ab67616d0000b273f74e4c5c64f3c9389c55e85d,1,3,242526,https://p.scdn.co/mp3-preview/4ac0216dc561dba9f0d03bfca85a7a3d8670459a?cid=9950ac751e34487dbbe027c4fd7f8e99,FALSE,30,spotify:user:,2019-12-12T22:29:17Z
spotify:track:6IjeDgkEfact4RDxnq4s9n,Rapunzel,spotify:artist:4Q6bcEc5YCypvMZ5kjaTMp,Drapht,spotify:album:4q3oz28Y0RUa22SRQh3quY,The Life Of Riley,spotify:artist:4Q6bcEc5YCypvMZ5kjaTMp,Drapht,1/04/2011,https://i.scdn.co/image/ab67616d0000b2739ff8bc848ad1b57a09cd6ba7,1,4,202733,https://p.scdn.co/mp3-preview/1ac03ecee6d8ae6fcf07df1268ef1730e049072a?cid=9950ac751e34487dbbe027c4fd7f8e99,FALSE,54,spotify:user:,2019-12-12T22:29:17Z
spotify:track:0m4donue5KgOq9D9s6wfTu,Horse,spotify:artist:5PdkRVDASsw6P7QoqRpz0F,Salvatore Ganacci,spotify:album:0z5OpRRF8NPklLH8p1T3fo,Horse,spotify:artist:5PdkRVDASsw6P7QoqRpz0F,Salvatore Ganacci,17/04/2019,https://i.scdn.co/image/ab67616d0000b273fcdcb662bbde2f86d5e99f8b,1,1,173588,https://p.scdn.co/mp3-preview/a96ff39f2b2de50173612d3edf51b26a7a6b7af3?cid=9950ac751e34487dbbe027c4fd7f8e99,FALSE,56,spotify:user:,2019-12-12T22:29:17Z
spotify:track:1pHP4JeQV9wDx87D6qH9hD,Here It Goes Again,spotify:artist:3hozsZ9hqNq7CoBGYNlFTz,OK Go,spotify:album:1qN6qh1gwgrYTCdSq21gov,Oh No,spotify:artist:3hozsZ9hqNq7CoBGYNlFTz,OK Go,1/01/2005,https://i.scdn.co/image/ab67616d0000b27371e01645abce04dda00e1c0c,1,3,179813,https://p.scdn.co/mp3-preview/7327e3ac55e460208a753ce81872321dc06b7603?cid=9950ac751e34487dbbe027c4fd7f8e99,FALSE,67,spotify:user:,2019-12-12T22:29:17Z
spotify:track:0wI9Bf12m5loNt7kj36wmR,Bass Drop,spotify:artist:3v6VDCGlWp2Kr4m4YbNKhD,Zero Hero,spotify:album:2ppp3YPGk1qAZTEUIRguUT,"Monstercat Uncaged, Vol. 1",spotify:artist:0LyfQWJT6nXafLPZqxe9Of,Various Artists,12/05/2017,https://i.scdn.co/image/ab67616d0000b27322ff26357bc95adc22ba1ac8,1,17,186000,,FALSE,0,spotify:user:,2019-12-12T22:29:17Z
spotify:track:6EnHscw2eypZWYKFWVruQV,Daggers,"spotify:artist:55BFQS36sJYz2B0ClypIvS, spotify:artist:5tNIHxZf1P1MJfTK4kC79z","SLUMBERJACK, Machine Age",spotify:album:1iwL9Kv14VibMreiFPg7QU,SARAWAK,spotify:artist:55BFQS36sJYz2B0ClypIvS,SLUMBERJACK,5/02/2019,https://i.scdn.co/image/ab67616d0000b2739044b6c951864e0eb75e2c71,1,1,231200,,FALSE,0,spotify:user:,2019-12-12T22:29:17Z
spotify:track:0ley5WMA07RsAouQ2KfbhD,Woman,spotify:artist:3yEnArbNHyTCwMRvD9SBy4,Wolfmother,spotify:album:747qcmgpdnnIG6lIBwNKhO,Wolfmother,spotify:artist:3yEnArbNHyTCwMRvD9SBy4,Wolfmother,1/01/2006,https://i.scdn.co/image/ab67616d0000b2733217cb59b28806950c7e1e25,1,3,176306,https://p.scdn.co/mp3-preview/a9c8d7e6509c78d661bb78859e89f837e075861a?cid=9950ac751e34487dbbe027c4fd7f8e99,FALSE,50,spotify:user:,2019-12-12T22:29:17Z
spotify:track:5017shgGJ5UWv82Y6wv6Di,BAMF (RIOT Remix),"spotify:artist:0lLY20XpZ9yDobkbHI7u1y, spotify:artist:0qPGd8tOMHlFZt8EA1uLFY","Pegboard Nerds, RIOT",spotify:album:6tzXTZnVStL7HD0gIQWeJF,Nerds by Nature (The Remixes),spotify:artist:0lLY20XpZ9yDobkbHI7u1y,Pegboard Nerds,16/05/2017,https://i.scdn.co/image/ab67616d0000b2732605eb116b9d79e0c8f8a011,1,5,262500,,FALSE,0,spotify:user:,2019-12-12T22:29:17Z
spotify:track:1CnJKZFfisBwlVbGShzKRq,Bonkers,spotify:artist:0gusqTJKxtU1UTmNRMHZcv,Dizzee Rascal,spotify:album:0DFqtZkrESm0borESYr3eC,Tongue N' Cheek,spotify:artist:0gusqTJKxtU1UTmNRMHZcv,Dizzee Rascal,25/09/2009,https://i.scdn.co/image/ab67616d0000b273d53a7aacaaefc361cd775555,1,1,177573,,TRUE,0,spotify:user:,2019-12-12T22:29:17Z
spotify:track:3X3cca8wDeJ2gaFtXcnEtc,I'm Not Through,spotify:artist:3hozsZ9hqNq7CoBGYNlFTz,OK Go,spotify:album:5WfWbupJOQNMh1ZqgZjHmm,Hungry Ghosts,spotify:artist:3hozsZ9hqNq7CoBGYNlFTz,OK Go,18/09/2015,https://i.scdn.co/image/ab67616d0000b27309a1c29898868292884280b2,1,6,216285,,FALSE,0,spotify:user:,2019-12-12T22:29:17Z
spotify:track:7l0Lr7Tl4Gt8hQj4v3rwtf,I'm Not A Vampire,spotify:artist:2CmaKO2zEGJ1NWpS1yfVGz,Falling In Reverse,spotify:album:1KwwS07TEbKS8r1rU4UUe4,The Drug In Me Is You,spotify:artist:2CmaKO2zEGJ1NWpS1yfVGz,Falling In Reverse,26/07/2011,https://i.scdn.co/image/ab67616d0000b2732a4546ed22694f4297f6bdb9,1,4,231840,https://p.scdn.co/mp3-preview/c46e619124ebe52927af4053b145eca349c7c20d?cid=9950ac751e34487dbbe027c4fd7f8e99,FALSE,67,spotify:user:,2019-12-12T22:29:17Z
spotify:track:1yYE8EyuIV0rrvQ1bA2Fyf,Happy Song,spotify:artist:1Ffb6ejR6Fe5IamqA5oRUF,Bring Me The Horizon,spotify:album:7FqHuAvmREiIwVXVpZ9ooP,That's The Spirit,spotify:artist:1Ffb6ejR6Fe5IamqA5oRUF,Bring Me The Horizon,11/09/2015,https://i.scdn.co/image/ab67616d0000b273736145b97bab8fa92cb6113f,1,2,239386,https://p.scdn.co/mp3-preview/c2c7652171ee1e34ddc6634cd339ce10a3425e6d?cid=9950ac751e34487dbbe027c4fd7f8e99,TRUE,67,spotify:user:,2019-12-12T22:29:17Z
spotify:track:3DPFmwFtV5ElQaTniLOdgk,Hunnybee,spotify:artist:1LeVJ5GPeYDOVUjxx1y7Rp,Unknown Mortal Orchestra,spotify:album:7c2Xfq7aQKzs0KdSI3K7Rc,Sex & Food,spotify:artist:1LeVJ5GPeYDOVUjxx1y7Rp,Unknown Mortal Orchestra,6/04/2018,https://i.scdn.co/image/ab67616d0000b273aa839bb04931542d830c73b1,1,4,268333,,FALSE,50,spotify:user:,2019-12-12T22:29:17Z
spotify:track:05OUNj7yQ6TBTQ4YZib8zv,drama free,"spotify:artist:2CIMQHirSU0MQqyYHq0eOx, spotify:artist:5pdyjBIaY5o1yOyexGIUc6","deadmau5, Lights",spotify:album:1tTr7VbxsX7ZqGpPCx2Br4,mau5ville: Level 2,spotify:artist:2CIMQHirSU0MQqyYHq0eOx,deadmau5,16/11/2018,https://i.scdn.co/image/ab67616d0000b273c75b6ddac0fbb4ae4365a5a3,1,1,191038,https://p.scdn.co/mp3-preview/2f114e246ce893590031b37f1a31f434f5cca66a?cid=9950ac751e34487dbbe027c4fd7f8e99,FALSE,45,spotify:user:,2019-12-12T22:29:17Z
spotify:track:0DlgK6jvsAK8eaaWg6k22q,Fatty Boom Boom,spotify:artist:6urkHDoIVO1WO8vNIwcJmM,Die Antwoord,spotify:album:3yHZDkK1VZnZ2DJ8ymhXLV,Ten$ion,spotify:artist:6urkHDoIVO1WO8vNIwcJmM,Die Antwoord,31/01/2012,https://i.scdn.co/image/ab67616d0000b273fbb5215d753b10d6ab619ced,1,5,225986,,TRUE,49,spotify:user:,2019-12-12T22:29:17Z
spotify:track:76msrzkd9Y2hDHv5NLpofg,Gasoline,spotify:artist:7ej3r9Ru63d7mE2uzso1uE,BRAINCOATS,spotify:album:3rl8L3ryVKr0X5cmEaze0V,12 Reasons For Self-Medication,spotify:artist:7ej3r9Ru63d7mE2uzso1uE,BRAINCOATS,2/12/2017,https://i.scdn.co/image/ab67616d0000b27399d21c6ee9bbc27f413c94c4,1,7,189146,https://p.scdn.co/mp3-preview/208792a71924468be80a6ab338306316ef31404b?cid=9950ac751e34487dbbe027c4fd7f8e99,FALSE,19,spotify:user:,2019-12-12T22:29:17Z
spotify:track:3CXBWDeiy936nFS2WqbMqR,Another Set of Issues,spotify:artist:3hozsZ9hqNq7CoBGYNlFTz,OK Go,spotify:album:5WfWbupJOQNMh1ZqgZjHmm,Hungry Ghosts,spotify:artist:3hozsZ9hqNq7CoBGYNlFTz,OK Go,18/09/2015,https://i.scdn.co/image/ab67616d0000b27309a1c29898868292884280b2,1,3,237544,,FALSE,0,spotify:user:,2019-12-12T22:29:17Z
spotify:track:4AbMoLRK31Fj1Gj8J00kDs,Soda,"spotify:artist:3DajvNySJjylWpCSeXefFm, spotify:artist:1MTxLbK3FFWs8s3YyYgJb0","Pixel Terror, itsreallyelijah",spotify:album:06CzTb2I0yWqFGsvlil02y,Soda,spotify:artist:3DajvNySJjylWpCSeXefFm,Pixel Terror,13/06/2019,https://i.scdn.co/image/ab67616d0000b2734e81183d5c33a909263a1b74,1,1,209321,https://p.scdn.co/mp3-preview/9f69c16041c0b10f59f14fdee96ed9c4fcc9499f?cid=9950ac751e34487dbbe027c4fd7f8e99,FALSE,31,spotify:user:,2019-12-12T22:29:17Z
spotify:track:4W6EtckEBKuDEYzGB2WGq8,Out There,"spotify:artist:49vNfTzZU1nXv2xO34z5RY, spotify:artist:7b1FMiWXZwOBsxi0uWw6wH","CloudNone, Elle Vee",spotify:album:7H5uFll4WaT7jHrNccWnc1,Out There,"spotify:artist:49vNfTzZU1nXv2xO34z5RY, spotify:artist:7b1FMiWXZwOBsxi0uWw6wH","CloudNone, Elle Vee",26/04/2019,https://i.scdn.co/image/ab67616d0000b27383cbd0a01c6f96ad61dc3335,1,1,264566,https://p.scdn.co/mp3-preview/165f543c8ff10bac0c5e0f1e7af45e5e3a236ead?cid=9950ac751e34487dbbe027c4fd7f8e99,FALSE,27,spotify:user:,2019-12-12T22:29:17Z
spotify:track:3QC3zy7WN5VYdIsYXaU6Jb,Given Up,spotify:artist:64N3o9z76C2APyfgQV2HMp,Half an Orange,spotify:album:3tpV3cPFcQapyScxFcvr5i,Given Up,spotify:artist:64N3o9z76C2APyfgQV2HMp,Half an Orange,8/02/2019,https://i.scdn.co/image/ab67616d0000b2735311ba62edfb6e54de6e948a,1,1,233175,https://p.scdn.co/mp3-preview/cfc19041c76d02c9244aa3bba87f186d47a20063?cid=9950ac751e34487dbbe027c4fd7f8e99,FALSE,32,spotify:user:,2019-12-12T22:29:17Z
spotify:track:1mB7dCUM7sPyNab6R43nlj,The Drug In Me Is You,spotify:artist:2CmaKO2zEGJ1NWpS1yfVGz,Falling In Reverse,spotify:album:1KwwS07TEbKS8r1rU4UUe4,The Drug In Me Is You,spotify:artist:2CmaKO2zEGJ1NWpS1yfVGz,Falling In Reverse,26/07/2011,https://i.scdn.co/image/ab67616d0000b2732a4546ed22694f4297f6bdb9,1,3,218786,https://p.scdn.co/mp3-preview/1acc9953dcaf169c1846f959b0911962215a14f6?cid=9950ac751e34487dbbe027c4fd7f8e99,TRUE,72,spotify:user:,2019-12-12T22:29:17Z
spotify:track:7IVGeBpMtJEmlawNDpQjoy,Come Back Home,spotify:artist:536BYVgOnRky0xjsPT96zl,Two Door Cinema Club,spotify:album:4V1rQRHuuOWs8fXRl16OMY,Tourist History,spotify:artist:536BYVgOnRky0xjsPT96zl,Two Door Cinema Club,7/02/2010,https://i.scdn.co/image/ab67616d0000b273ed32602d9145d51e00a2df72,1,2,202853,,FALSE,0,spotify:user:,2019-12-12T22:29:17Z
spotify:track:0xGefLIJMvEW7GkFp7KHnl,Us Against the World,spotify:artist:2gZzTzeACSwFqkMroVxmnm,Darren Styles,spotify:album:5Q3Ah2ERAjFdevzm5J9UTn,Us Against the World,spotify:artist:2gZzTzeACSwFqkMroVxmnm,Darren Styles,3/04/2017,https://i.scdn.co/image/ab67616d0000b2730eb271949dc68b908c10b5b4,1,1,271058,,FALSE,0,spotify:user:,2019-12-12T22:29:17Z
spotify:track:4z7t5KsfkxMC1PdOLgog4V,One Click Headshot,spotify:artist:5FWi1mowu6uiU2ZHwr1rby,Feed Me,spotify:album:5pURjDtRUYX2TqW8A0DhT3,Feed Me's Escape from Electric Mountain,spotify:artist:5FWi1mowu6uiU2ZHwr1rby,Feed Me,6/02/2012,https://i.scdn.co/image/ab67616d0000b273e1944628e06d559df3d2e568,1,3,287004,https://p.scdn.co/mp3-preview/66ef4e4cdac963d1c26f83b77beb0bcd4065b3ae?cid=9950ac751e34487dbbe027c4fd7f8e99,FALSE,50,spotify:user:,2019-12-12T22:29:17Z
spotify:track:0QjbWPbHrhhr8oGVQDsH7Q,Upside Down & Inside Out,spotify:artist:3hozsZ9hqNq7CoBGYNlFTz,OK Go,spotify:album:5WfWbupJOQNMh1ZqgZjHmm,Hungry Ghosts,spotify:artist:3hozsZ9hqNq7CoBGYNlFTz,OK Go,18/09/2015,https://i.scdn.co/image/ab67616d0000b27309a1c29898868292884280b2,1,1,187866,,FALSE,0,spotify:user:,2019-12-12T22:29:17Z
spotify:track:2XFK1uEeqJ7XI1fNhdPFCz,Billy Brown,spotify:artist:5MmVJVhhYKQ86izuGHzJYA,MIKA,spotify:album:2FgwL1GHWKTbuHzAIjEeFa,Life In Cartoon Motion,spotify:artist:5MmVJVhhYKQ86izuGHzJYA,MIKA,1/01/2007,https://i.scdn.co/image/ab67616d0000b2732b16992e49be4a199e7dad2c,1,7,194533,https://p.scdn.co/mp3-preview/3566b7a90e7199e1385994ffa2da5511cc0e6875?cid=9950ac751e34487dbbe027c4fd7f8e99,FALSE,43,spotify:user:,2019-12-12T22:29:17Z
spotify:track:2NjYndZ70KjfYTdDCZEw0F,Hands Down,"spotify:artist:14mErTJ0ubFVjx2zBAwjkE, spotify:artist:3XyvBNwsPBVhCXoYLNNQ84, spotify:artist:0PqgxdVGANnDuXv1YPCBnV","Brandyn Burnette, dwilly, Kayo Genesis",spotify:album:4KczjkB8NSfRwuCG5l1Ru4,Hands Down,"spotify:artist:14mErTJ0ubFVjx2zBAwjkE, spotify:artist:3XyvBNwsPBVhCXoYLNNQ84","Brandyn Burnette, dwilly",10/04/2018,https://i.scdn.co/image/ab67616d0000b27364f95ae12fddd878f6915a93,1,1,183652,,FALSE,0,spotify:user:,2019-12-12T22:29:17Z
spotify:track:6oSmp7qnvAxUXeUKhl67a6,1955,"spotify:artist:7dlqUnjoF2U2DkNDMhcgG4, spotify:artist:1ZcnsSFqWusWlRK01vKE6b, spotify:artist:41Sy5j6hSOXJ6Pl1yR296B","Hilltop Hoods, Montaigne, Tom Thum",spotify:album:4ijUWjOHZ5VnUADcOsL1vS,"Drinking From The Sun, Walking Under Stars Restrung",spotify:artist:7dlqUnjoF2U2DkNDMhcgG4,Hilltop Hoods,19/02/2016,https://i.scdn.co/image/ab67616d0000b273eb0652df7fe1fddc6673d161,1,10,239280,https://p.scdn.co/mp3-preview/f39f86ce6117ce02801f8bd7a70243ea7bae51ed?cid=9950ac751e34487dbbe027c4fd7f8e99,FALSE,65,spotify:user:,2019-12-12T22:29:17Z
